{"cameraMode":{"drawMode":0,"name":"Shaded","section":"Shading Mode"},"sceneLighting":true,"audioPlay":false,"sceneViewState":{"m_AlwaysRefresh":false,"showFog":true,"showSkybox":true,"showFlares":true,"showImageEffects":true,"showParticleSystems":true,"showVisualEffectGraphs":true,"m_FxEnabled":true},"in2DMode":false,"pivot":{"x":-15.206002235412598,"y":-8.64521312713623,"z":18.634397506713868},"rotation":{"x":0.19763097167015077,"y":-0.43278196454048159,"z":0.09783642739057541,"w":0.8743199706077576},"size":23.551469802856447,"orthographic":false}